id,name,label,value,group,runtime
10000,Graham Fork OldLace Namecoin,John Davis,0,Application,0
10100,Jones Parkways SandyBrown Primecoin,Joseph Trujillo,0,Application,0
10200,Coleman Path Violet XEM,Jason Morrison,0,Application,0
10300,Michael Park LemonChiffon Ubiq,Eric Ramirez,0,Application,0
10400,Guerrero Passage Indigo Sirin Labs,Bryan Tucker,0,Application,0
10500,Philip Garden OldLace Auroracoin,Laura Hinton,0,Application,0
10600,Wallace Via Cornsilk Bitcoin,Jeffrey Morgan,0,Application,0
10700,Gregory Streets PaleTurquoise TRON,Raymond Becker,0,Application,0
10800,Jackson Divide MidnightBlue Dash,Joseph Trujillo,0,Application,0
10900,Nicole Fall Teal Feathercoin,Jason Morrison,0,Application,0
10900,Nicole Fall Teal Feathercoin,Jason Morrison,0,Application,0
11000,Tammy Forges Cyan Emercoin,Dawn Larson,0,Application,0
13900,Johnson Mission HotPink Monero,Michael Obrien,0,Application,0
14100,Curtis Circle SaddleBrown Waves Platform,Colleen Wallace,0,Application,0
14200,Melanie Field DarkRed Peercoin,Jenna Jacobs,0,Application,0
14300,Avila Forest MistyRose PotCoin,Eric Park,0,Application,0
14400,Acosta Parkway PaleVioletRed Primecoin,Stephen Martin,0,Application,0
14500,Smith Mountains DodgerBlue TRON,Danielle Parker,0,Application,0
14600,Kristin Village MediumSeaGreen Ripple,Colleen Wallace,0,Application,0
14700,Blake Spurs BlueViolet Emercoin,Tracey Wolf,0,Application,0
14800,Lynn Place Teal Lisk,David Perez,0,Application,0
14900,Kimberly Passage Red Ethereum,Jason Morrison,0,Application,0
15000,Thomas Stream GreenYellow Titcoin,Jason Morrison,0,Application,0
15100,Mary Mount PaleVioletRed Zcash,Jason Morrison,0,Application,0
15200,Clark Bypass MediumSpringGreen Coinye,Pamela Andrade,0,Application,0
15300,David Port OliveDrab Lisk,Raymond Becker,0,Application,0
15400,Powell Roads Lavender Zclassic,Douglas Black,0,Application,0
15700,Mark Lights DarkTurquoise Dash,Tamara Williams,0,Application,0
15800,Ivan Radial DarkKhaki Tether,Stephanie Ross,0,Application,0
15900,Charles Shoals Wheat Titcoin,Lauren Sanchez,0,Application,0
16000,Anderson Bypass DarkSlateBlue Ripple,Travis Grant,0,Application,0
16200,Atkinson Via LightSeaGreen Ripple,Juan Doyle,0,Application,0
16300,Baldwin Walk MediumSpringGreen NEO,Pamela Andrade,0,Application,0
16400,Christopher Pike LightGreen Waves Platform,Jeffrey Powers,0,Application,0
16500,Parker Roads LawnGreen Burstcoin,Norman Black,0,Application,0
16600,Myers Haven LightSalmon Zcash,Christine Cross,0,Application,0
16700,Clifford Keys CadetBlue BlackCoin,Bryan Tucker,0,Application,0
16800,Hendrix Forge BlanchedAlmond Gridcoin,Kayla Bird,0,Application,0
16900,Melissa Trace GoldenRod Gridcoin,Michelle Rodriguez,0,Application,0
17000,Monica Manors Olive Emercoin,Jessica Wallace DDS,0,Application,0
17100,Cruz Turnpike BurlyWood Dogecoin,Stephanie Ross,0,Application,0
17200,Miller Forges Green Primecoin,Susan Smith,0,Application,0
17300,Joshua Wells RosyBrown Dash,Eric Park,0,Application,0
17400,Lewis River Silver Primecoin,Katherine Ellis,0,Application,0
17500,Booker Stream Blue PotCoin,Jeffrey Cross,0,Application,0
17600,Clark Loaf LemonChiffon Decred,Lisa Fischer,0,Application,0
17700,Amanda Brooks DarkOrchid Zcash,Jeffrey Cross,0,Application,0
17900,Adams Stream Lavender Lisk,Glenn Cunningham,0,Application,0
18200,Barry Springs DarkBlue Monero,John Rodriguez,0,Application,0
18300,Lucas Street OliveDrab BlackCoin,John Rodriguez,0,Application,0
18400,Taylor Plaza LightPink DigitalNote,Toni Ramirez DDS,0,Application,0
18500,Moore Groves Beige Sirin Labs,Bryan Estrada,0,Application,0
18600,Mcdonald River MidnightBlue Ethereum Classic,Jake Mitchell,0,Application,0
18700,Clark Bypass MediumSpringGreen Coinye,Pamela Andrade,0,Application,0
18800,Walton Row Azure Dash,Megan Miller,0,Application,0
19200,Hill Port LightGreen Bytecoin,Karl Hunter,0,Application,0
19300,Andrew Viaduct PaleVioletRed Titcoin,John Garcia,0,Application,0
19400,Trujillo Mission OrangeRed SwiftCoin,Alice Snyder,0,Application,0
19500,Amber Inlet Orchid TRON,Michael Huber,0,Application,0
19700,Sutton Light RoyalBlue Bytecoin,Joyce Shah,0,Application,0
19800,Baker Shoals Gray Peercoin,Melissa Bruce,0,Application,0
19900,Linda Landing DarkGoldenRod Tether,Douglas Black,0,Application,0
20000,Nicholas Club MediumSeaGreen Zcash,David Peterson,0,Application,0
20100,Jeffrey Valleys DarkSalmon NEO,Emily Reynolds,0,Application,0
20200,Adams Meadows Wheat Monero,Jennifer Price,0,Application,0
20300,Sharp Club White Lisk,Jessica Ortiz,0,Application,0
20400,Regina Corner OrangeRed Litecoin,Andrew Larson,0,Application,0
20500,Walker Tunnel FireBrick Omni,David Graham,0,Application,0
20700,Gordon Burg Linen Zclassic,Glen Jenkins,0,Application,0
20800,Dwayne Villages AntiqueWhite Bitcoin Cash,Laura Faulkner,0,Application,0
21000,Coffey Burg DarkSeaGreen Primecoin,Wendy Graham,0,Application,0
21100,Roach Manor Gray Emercoin,Tamara Simpson,0,Application,0
21200,Marc Cliffs Lavender Ripple,Eric Ramirez,0,Application,0
21500,Long Brooks DodgerBlue Feathercoin,Janice Hendricks,0,Application,0
21600,Nelson Gateway GoldenRod Bitcoin Cash,Lori Campbell,0,Application,0
21800,Miles Crescent MintCream Zcash,Glenda Moore,0,Application,0
21900,Chambers Viaduct Purple Bytecoin,Jennifer Price,0,Application,0
22000,Mccullough Fords Salmon Dash,Danielle Parker,0,Application,0
22100,Peter Forges Silver Namecoin,Carrie Davenport,0,Application,0
22200,Christine Manors Aquamarine Gridcoin,Leslie Buckley,0,Application,0
22300,Lane Lodge BlueViolet Sirin Labs,Kerry Elliott,0,Application,0
22400,Judith Dale Blue Titcoin,Raymond Becker,0,Application,0
22500,Jacqueline Brooks Linen Bytecoin,Carlos King,0,Application,0
22700,Brittney Extensions LimeGreen Zclassic,Erin Moore,0,Application,0
22800,John Rapids Yellow Coinye,Natasha Horton DVM,0,Application,0
22900,James Station Brown Gridcoin,John Rodriguez,0,Application,0
23000,Perez Crossing Snow Omni,Jeffrey Powers,0,Application,0
23100,Callahan Camp LightSeaGreen MazaCoin,Darlene Kline,0,Application,0
23200,Barron Way Peru Bytecoin,Nancy Sanchez,0,Application,0
23300,Werner Lodge HoneyDew XEM,Jennifer Price,0,Application,0
23400,April Keys Salmon Tether,Austin Hamilton,0,Application,0
23500,Carl Fords DarkMagenta Nxt,Mary King,0,Application,0
23600,Michael Plain LightGoldenRodYellow Bitcoin Cash,John Peterson,0,Application,0
23700,Margaret Island LightSalmon Waves Platform,Michael Jenkins,0,Application,0
23800,Mark Road LightSlateGray SwiftCoin,Tracey Wolf,0,Application,0
23900,John Via DarkGreen Zclassic,Adam Coleman,0,Application,0
24000,Andrews Drives LightCyan MazaCoin,David Kelley,0,Application,0
24100,David Isle LawnGreen Namecoin,Megan Tyler,0,Application,0
24200,Thomas Station Cyan Burstcoin,William Phillips,0,Application,0
24400,Wong Viaduct Red Vertcoin,Raymond Becker,0,Application,0
24500,April Alley Violet Zclassic,Alice Snyder,0,Application,0
24600,Williams Lake IndianRed Feathercoin,Randall Hubbard,0,Application,0
24800,Caleb Field LightSeaGreen SwiftCoin,Philip Savage,0,Application,0
24900,Gary Glen PowderBlue MazaCoin,Philip Savage,0,Application,0
25000,Spencer Shore MediumAquaMarine MazaCoin,Jose Smith,0,Application,0
25200,Graham Rest Black Bitcoin Cash,Dana Banks,0,Application,0
25400,Jackson Well Red Dash,Maria Monroe DDS,0,Application,0
25500,Gina Forges MediumSeaGreen Lisk,Debra Butler,0,Application,0
25600,Melissa Stream Azure Namecoin,Brooke Montoya,0,Application,0
25700,Catherine Island LightPink EOS.IO,Brooke Montoya,0,Application,0
26200,Bethany Landing HotPink TRON,Philip Savage,0,Application,0
26300,Timothy Island Khaki Waves Platform,Holly Diaz,0,Application,0
26400,Dawn Roads SpringGreen Auroracoin,Christy Smith,0,Application,0
26500,Jackson Overpass Blue DigitalNote,Kimberly Fisher,0,Application,0
26600,Claudia View DodgerBlue Emercoin,Juan Doyle,0,Application,0
26700,Martinez Vista MediumVioletRed Peercoin,Kerry Elliott,0,Application,0
26800,Martinez Cliffs PapayaWhip AMP,Seth Casey,0,Application,0
26900,Gray Drives MediumSlateBlue Coinye,Troy Smith,0,Application,0
27000,Reed Stream DarkGoldenRod Monero,Robert Johnson,0,Application,0
27100,Kelly Station Ivory Primecoin,Kayla Kirby,0,Application,0
27300,Molina Underpass Yellow Cardano,Logan Smith,0,Application,0
27500,King Lights LightGoldenRodYellow Primecoin,James Khan,0,Application,0
27600,Kristen Way MediumSlateBlue Sirin Labs,Eric Green,0,Application,0
27700,Cindy Summit Gold Tether,Lee Taylor,0,Application,0
27800,Kimberly Drives PowderBlue Vertcoin,Scott Rhodes,0,Application,0
28100,Huynh Flats Yellow DigitalNote,Douglas Black,0,Application,0
28300,Jesus Summit MediumVioletRed NEO,Terry Flores,0,Application,0
28600,Chase Circle SkyBlue AMP,Dr. Krystal Drake MD,0,Application,0
28700,Julia Summit PowderBlue Lisk,Jennifer Price,0,Application,0
28800,Mitchell Point Maroon Lisk,David Fisher,0,Application,0
29100,Krystal Prairie OrangeRed Feathercoin,Juan Doyle,0,Application,0
29300,Wade Keys Silver Namecoin,Thomas Miller,0,Application,0
29500,Smith Mews DarkSlateGray BlackCoin,Darlene Salas,0,Application,0
29600,Wood Knoll FloralWhite Ethereum,Eric Green,0,Application,0
29800,Kristen Ramp Bisque Coinye,Tyler Robinson,0,Application,0
30100,Jennifer Extensions Crimson Ripple,Nicole Murray,0,Application,0
30200,Baker Passage PaleTurquoise Waves Platform,David Kelley,0,Application,0
30300,Ford Alley Tan Monero,Brandon Nash,0,Application,0
30500,Smith Squares Purple Monero,Lori Roberts,0,Application,0
30600,Taylor Lights ForestGreen PotCoin,Mark Lopez,0,Application,0
30700,Nelson Corner LightGray Ethereum,Michael Weiss,0,Application,0
30900,James Station DarkGreen Ubiq,Matthew Cobb,0,Application,0
31000,Sydney Stream SlateBlue Feathercoin,John Davis,0,Application,0
31200,Hall Shoals SaddleBrown Litecoin,Lori Roberts,0,Application,0
31400,Ronald Throughway Chartreuse TRON,Krystal Castillo,0,Application,0
31600,Robinson Village Magenta Coinye,John Rodriguez,0,Application,0
31900,Perry Crescent Red EOS.IO,Rita Smith,0,Application,0
32000,Sharon Turnpike CornflowerBlue Nxt,James Khan,0,Application,0
32200,Nicholas Branch LightGreen Dogecoin,Steven Johnson,0,Application,0
32300,Benjamin Radial Tan Sirin Labs,Dennis Miller,0,Application,0
32400,Taylor Vista CornflowerBlue Emercoin,James Khan,0,Application,0
32500,Brady Plain LightCoral Titcoin,John Snyder,0,Application,0
32600,Brewer Islands DeepPink Decred,Jennifer Price,0,Application,0
32700,Joseph Cape DarkViolet TRON,James Khan,0,Application,0
32900,Levine Lane DarkSlateBlue EOS.IO,Devin Green,0,Application,0
33000,Bradshaw Center Gray Namecoin,Lisa Richardson,0,Application,0
33100,Hall Fall Beige AMP,Eric Scott,0,Application,0
33200,Ramirez Curve Magenta EOS.IO,Adam Roberts,0,Application,0
33300,Jensen Plaza Aquamarine Feathercoin,John Davis,0,Application,0
33500,Kerry Forges DodgerBlue Primecoin,Cheyenne Taylor,0,Application,0
33700,Campbell Drive RosyBrown Bitcoin,Stephen Thompson,0,Application,0
33800,Victor Walks Purple SwiftCoin,Dr. Krystal Drake MD,0,Application,0
33900,Harris Loaf Aqua Dogecoin,Grace Mcguire,0,Application,0
34100,Ashley Streets PaleTurquoise Gridcoin,Amanda Parker,0,Application,0
34200,Thomas Port Pink IOTA,Robin Walker,0,Application,0
34300,Smith Road DarkMagenta DigitalNote,Danielle Hughes,0,Application,0
34400,Ortiz Shoals MidnightBlue Decred,Melissa Hudson,0,Application,0
34500,West Curve Ivory Waves Platform,Cassie Walsh,0,Application,0
34600,Gina Squares LightBlue EOS.IO,Christopher Craig,0,Application,0
34700,Sanchez Hill SaddleBrown BlackCoin,Amanda Nelson,0,Application,0
34800,Phillip Squares BlueViolet DigitalNote,Leslie Zamora,0,Application,0
34900,Brown Mission DarkRed TRON,Kelsey Cohen,0,Application,0
35000,Jennifer Trail LightPink Ethereum Classic,Leslie Zamora,0,Application,0
35100,Mathis Bridge PeachPuff EOS.IO,James Khan,0,Application,0
35200,Christina Drive LightSteelBlue Zclassic,Juan Doyle,0,Application,0
35300,Benjamin Light NavajoWhite Emercoin,Matthew Chen,0,Application,0
35400,Jimenez Forks DarkTurquoise IOTA,Christopher Grant,0,Application,0
35500,Kimberly Village SkyBlue Zclassic,Deanna Frost,0,Application,0
35700,Sara Villages Aquamarine BlackCoin,Mary Middleton,0,Application,0
35800,Robertson Squares MediumOrchid Bitcoin Cash,Rebecca Brown,0,Application,0
35900,Cameron Terrace DarkViolet Bytecoin,Wesley Harrison,0,Application,0
36000,David Parkways Aquamarine BlackCoin,Robert Allen,0,Application,0
36500,Jessica Corners MediumOrchid Coinye,Carolyn Gonzalez,0,Application,0
36600,Williams Parks Magenta Coinye,James Khan,0,Application,0
36700,Best Stream DarkMagenta Tether,Michelle Rodriguez,0,Application,0
37000,Garcia Port DarkSlateGray Cardano,Eric Hood,0,Application,0
37100,Mary Mall Lime Bitcoin Cash,John Moss,0,Application,0
37300,Rodriguez Grove PaleVioletRed Zcash,Gregory Cook,0,Application,0
37400,Smith Corner Aqua SwiftCoin,Stephanie Floyd,0,Application,0
37500,Angela Haven AntiqueWhite Feathercoin,Anna Harrison,0,Application,0
37600,Peterson Highway DimGray Vertcoin,Jonathan Gonzales,0,Application,0
37900,Terry Ridges MediumSpringGreen Decred,Ryan Johnson,0,Application,0
38000,Tammy Glens GreenYellow Lisk,Linda Lee,0,Application,0
38100,Adam Expressway DarkGray Peercoin,Todd Rogers,0,Application,0
38200,Ross Ford DarkOrange Auroracoin,William Chen,0,Application,0
38300,Nelson Estate LightCoral Ethereum Classic,Maria Monroe DDS,0,Application,0
38400,Jason Hills DeepPink Feathercoin,Isabel English,0,Application,0
38500,Rebecca Cove CornflowerBlue Nxt,April Bailey,0,Application,0
38800,Myers Wall MediumVioletRed Feathercoin,Timothy Myers,0,Application,0
38900,Rocha Viaduct HotPink Waves Platform,Danielle Parker,0,Application,0
39000,Molina Land Navy Ripple,Dr. Jeffrey Baker,0,Application,0
39100,Amber Turnpike Khaki Decred,Joseph Krueger,0,Application,0
39200,Charles Shoals Wheat Titcoin,Lauren Sanchez,0,Application,0
39300,Kayla Rapids MediumVioletRed EOS.IO,Patrick Moore,0,Application,0
39400,Tucker Island LightSalmon IOTA,Melissa Hudson,0,Application,0
39800,Wade Forest DarkRed Omni,Kevin Fitzgerald,0,Application,0
39900,Scott Meadows HotPink Bitcoin,John Davis,0,Application,0
40000,Tommy Mountain SteelBlue Cardano,Jennifer Price,0,Application,0
40100,Tracy Passage DarkOliveGreen Omni,Joyce Shah,0,Application,0
40200,Flores Route Tan Ethereum,Angela Vaughan,0,Application,0
40300,Owens Mills LightSlateGray SwiftCoin,Joy Trevino,0,Application,0
40400,Jordan Port Salmon Dogecoin,Tamara Simpson,0,Application,0
40500,Erica Key Ivory Bytecoin,Anthony Long,0,Application,0
40600,Tamara Summit HotPink Feathercoin,Michael Suarez,0,Application,0
40700,Veronica Trafficway IndianRed AMP,Logan Smith,0,Application,0
40800,Michael Estates Moccasin Waves Platform,Karl Hunter,0,Application,0
40900,Jennifer Isle LavenderBlush Vertcoin,Eric Park,0,Application,0
41000,Andrew Springs LightCyan Ethereum Classic,David Graham,0,Application,0
41200,Nguyen Plains Linen DigitalNote,Jennifer Price,0,Application,0
41400,Paul Crest MediumAquaMarine TRON,Ronald Scott,0,Application,0
41600,Norris Forges LightSalmon Dash,Logan Rowe PhD,0,Application,0
41700,Stout Court WhiteSmoke Emercoin,Calvin Graham,0,Application,0
41800,Griffith Trace DodgerBlue TRON,Christopher Wilson,0,Application,0
41900,Natalie Spring Beige Zclassic,Rebecca Rosales,0,Application,0
42300,Calderon Turnpike SeaGreen Gridcoin,John Davis,0,Application,0
42500,Walsh Harbor MediumVioletRed Peercoin,Trevor Mejia,0,Application,0
42600,Joseph Flat MidnightBlue Zclassic,James Khan,0,Application,0
42700,Christopher Alley BlanchedAlmond Monero,Kristen Smith,0,Application,0
42800,Lee Harbor Aquamarine Zcash,Joseph Schmidt,0,Application,0
42900,Hughes Brook Aquamarine Titcoin,Sarah Hernandez,0,Application,0
43000,Clark Valley SkyBlue Decred,Sean Braun,0,Application,0
43200,Michael Squares PowderBlue Emercoin,Sandra Sparks,0,Application,0
43400,Charles Mountain LawnGreen Bitcoin Cash,Joseph Trujillo,0,Application,0
43500,Gardner Street FloralWhite Auroracoin,Peter Mendoza,0,Application,0
43600,Roberson Village DarkSeaGreen Dash,Gina Rubio,0,Application,0
43700,Tyler Loop LightSalmon MazaCoin,Juan Doyle,0,Application,0
43800,Strickland Village MediumBlue Nxt,Juan Doyle,0,Application,0
43900,Fowler Turnpike Gray Tether,Jake Mitchell,0,Application,0
44000,Hicks Haven LightPink Litecoin,Juan Doyle,0,Application,0
44100,Scott Manor Beige NEO,Joe Scott,0,Application,0
44300,Pamela Keys Pink Omni,Elizabeth Pugh,0,Application,0
44400,Regina Circle SkyBlue Auroracoin,Samantha Mills,0,Application,0
44500,Teresa Turnpike LightGray Ripple,Marissa Collins,0,Application,0
44600,Kara Forks LightGray Dash,Brooke Montoya,0,Application,0
44700,Clifford Overpass Lavender XEM,Erin Gomez,0,Application,0
44800,Howard Summit PaleVioletRed Zclassic,Jeffrey Cross,0,Application,0
44900,Hughes Falls RoyalBlue Emercoin,Samuel Cole,0,Application,0
45000,Robert Court DarkCyan Monero,Justin Bell,0,Application,0
45100,Carpenter Corner Chartreuse Feathercoin,Eric Green,0,Application,0
45200,Henderson Lake LavenderBlush IOTA,Ralph Byrd,0,Application,0
45400,Bryan Village DarkBlue Vertcoin,Brittany Myers,0,Application,0
45400,Bryan Village DarkBlue Vertcoin,Brittany Myers,0,Application,0
45500,Diaz Lane Thistle Titcoin,Lori Campbell,0,Application,0
45600,Glover Center DarkMagenta XEM,Vanessa Buchanan,0,Application,0
45700,Cameron Island IndianRed Emercoin,Stephen Thompson,0,Application,0
45800,Hall Prairie LightSteelBlue TRON,Colin Higgins,0,Application,0
45900,Brady Crossroad Lavender Litecoin,Jeffrey Morgan,0,Application,0
46000,Dana Lock PaleVioletRed Sirin Labs,Eric Hood,0,Application,0
46100,April Drive Gray Waves Platform,David Johnson,0,Application,0
46200,Mary Springs CornflowerBlue Auroracoin,Teresa Rodgers,0,Application,0
46300,Julie Wells LightSeaGreen XEM,John Davis,0,Application,0
46400,Anna Ramp Salmon Namecoin,Christopher Richardson,0,Application,0
46600,Kristina Pike SeaShell Ethereum Classic,Dr. Luke Shepard,0,Application,0
46700,Gerald Ports Violet Monero,Mary Lee,0,Application,0
46800,Jessica Circle Wheat Bitcoin Cash,Jake Mitchell,0,Application,0
47000,Gonzalez Cape Beige SwiftCoin,Kelsey Cohen,0,Application,0
47100,William Valleys Green Decred,Edward Chapman,0,Application,0
47300,Smith Trace Aqua Waves Platform,Christian Riddle,0,Application,0
47500,Connie Course Crimson Burstcoin,Ian Mayo,0,Application,0
47600,Thornton Mountain DarkGray Omni,Corey Riley,0,Application,0
47700,Monique Rapids Violet Bytecoin,Joseph Trujillo,0,Application,0
47800,Williams Underpass Brown IOTA,David Graham,0,Application,0
47900,Mark Center GhostWhite Waves Platform,John Rodriguez,0,Application,0
48000,Evans Road DarkBlue NEO,John Davis,0,Application,0
48100,Moran Terrace AliceBlue Cardano,John Davis,0,Application,0
48200,Larson Island IndianRed Tether,John Davis,0,Application,0
48300,Jeffrey Tunnel MediumAquaMarine Coinye,Lisa Nguyen,0,Application,0
48400,Steve Forest Brown MazaCoin,Karen Stevenson,0,Application,0
48500,Caleb Lane Peru Dash,Ronald Scott,0,Application,0
48600,Barbara Shore OldLace Bitcoin,Joseph Thompson,0,Application,0
48800,Baker Wells DeepPink Sirin Labs,Levi Austin,0,Application,0
48900,Kristen Port Navy Zclassic,Jeffrey Cross,0,Application,0
49000,Kimberly Views Thistle XEM,John Rodriguez,0,Application,0
49100,Barnett Ridges Olive Zcash,Jose Clark,0,Application,0
49300,Kayla Mill Gold Ethereum,Eric Green,0,Application,0
49400,Mary Locks MidnightBlue AMP,David Graham,0,Application,0
49500,Lewis Square Brown Ethereum,John Davis,0,Application,0
49600,Beth Forge Maroon IOTA,William Mendoza,0,Application,0
49700,Marissa Coves PapayaWhip MazaCoin,John Davis,0,Application,0
49800,Wells Glen LightCoral IOTA,John Davis,0,Application,0
50000,Kenneth Spurs LightSlateGray AMP,Michael Martin,0,Application,0
50200,Chavez Radial Aqua Decred,Rodney Thompson,0,Application,0
50300,Cesar Lock DarkOliveGreen BlackCoin,Melissa Jacobs,0,Application,0
50400,Shane Locks DarkOrange Lisk,Angela Benjamin,0,Application,0
50500,Mcdowell Plains Violet Sirin Labs,Sara Evans,0,Application,0
50600,Brian Street Olive Bitcoin Cash,James Khan,0,Application,0
50700,Porter Neck Coral SwiftCoin,Matthew Williams,0,Application,0
50800,Pruitt Light LightSalmon Burstcoin,Tamara Simpson,0,Application,0
50900,Clark Hill Red Decred,James Khan,0,Application,0
51000,Sherri Gateway Gray Bitcoin Cash,James Khan,0,Application,0
51100,Cameron Turnpike SkyBlue Emercoin,Mary Mcgee,0,Application,0
51200,Chang Alley Plum Zclassic,Terry Flores,0,Application,0
51400,Ayers Squares Gray Emercoin,John Davis,0,Application,0
51500,Ross Park SaddleBrown Ethereum Classic,Douglas Black,0,Application,0
51600,Mcintosh Terrace Lime Monero,John Davis,0,Application,0
51700,Tamara Ridge PaleVioletRed XEM,Brett Garza,0,Application,0
51800,Patricia Trafficway Indigo Titcoin,Todd Palmer,0,Application,0
51900,Travis Viaduct DarkSeaGreen Titcoin,Melanie Warren,0,Application,0
52000,Perez Station AliceBlue Feathercoin,Guy Goodman,0,Application,0
52100,Kevin Port Beige BlackCoin,John Moss,0,Application,0
52200,Ramirez Unions AntiqueWhite AMP,Heather Smith,0,Application,0
52300,Hughes River Chocolate Ethereum,Darlene Salas,0,Application,0
52400,Andrew Field Violet Coinye,Jonathan Graham,0,Application,0
52500,West Loaf Bisque XEM,Ashley Martinez,0,Application,0
52600,Powers Flats SlateGray Coinye,Jerry Porter,0,Application,0
52700,Kayla Pines DodgerBlue Primecoin,Tamara Simpson,0,Application,0
52800,Weiss Stravenue SteelBlue Zcash,Katherine Neal,0,Application,0
52900,Collins Groves Azure Feathercoin,David Wood,0,Application,0
53000,Hayley Parkways Thistle SwiftCoin,Mark Sims,0,Application,0
53300,Diana Brooks Silver Coinye,Darlene Salas,0,Application,0
53400,Vanessa Meadow MediumBlue BlackCoin,Anthony Johnson,0,Application,0
53500,Brandi Mission Cornsilk Zclassic,Alexis Oliver,0,Application,0
53600,Catherine Crossroad MintCream Waves Platform,Juan Doyle,0,Application,0
53700,Susan Ferry Red EOS.IO,Leslie Buckley,0,Application,0
53800,Carroll Corners Violet Decred,Joseph Krueger,0,Application,0
53900,Ritter Harbors GhostWhite Dash,Stephanie Kirk,0,Application,0
53900,Ritter Harbors GhostWhite Dash,Stephanie Kirk,0,Application,0
54100,Erin Ports BlueViolet Namecoin,Jake Mitchell,0,Application,0
54200,Dudley Ports Ivory Titcoin,Lauren Sanchez,0,Application,0
54200,Dudley Ports Ivory Titcoin,Lauren Sanchez,0,Application,0
54300,Matthew Forks Beige Feathercoin,Juan Doyle,0,Application,0
54400,Evan Hill WhiteSmoke Monero,Andrew Cabrera,0,Application,0
54500,Callahan Stream Magenta Bitcoin,Sean Hayes,0,Application,0
54600,Michael Tunnel HotPink EOS.IO,James Khan,0,Application,0
54700,Antonio Stravenue Silver Peercoin,Trevor Mejia,0,Application,0
54900,Donald Station LightSlateGray Ethereum Classic,Christopher Wood,0,Application,0
55100,Morgan Skyway DimGray Zclassic,John Moss,0,Application,0
55300,David Brook Tan Dash,Juan Doyle,0,Application,0
55500,Reed Mountains RosyBrown Omni,Ashley Martinez,0,Application,0
55600,Mason Rest Khaki Dogecoin,Jennifer Price,0,Application,0
55700,Williams Circle Silver Zcash,Laura Hinton,0,Application,0
55900,Catherine Burgs Crimson Monero,Justin Lawrence,0,Application,0
56100,Sandra Throughway Chartreuse Ethereum,Sandra Peck,0,Application,0
56200,Charles Roads DarkSlateBlue Nxt,John Rodriguez,0,Application,0
56200,Charles Roads DarkSlateBlue Nxt,John Rodriguez,0,Application,0
56300,Taylor Square Plum Dogecoin,Ernest Jackson,0,Application,0
56400,Aaron Hill Aquamarine Waves Platform,Glenda Moore,0,Application,0
56500,Andrew Lodge MediumAquaMarine Dash,Alice Snyder,0,Application,0
56600,Carlson Mews PaleGoldenRod DigitalNote,John Mejia,0,Application,0
56700,Roach Village Fuchsia Feathercoin,Jill Curtis,0,Application,0
56900,Mcdaniel Roads MediumSeaGreen Zclassic,Jennifer Price,0,Application,0
57000,Fox Key CornflowerBlue TRON,Alicia Horne,0,Application,0
57400,Taylor Bridge DarkOrchid Bitcoin Cash,Samuel Lutz,0,Application,0
57600,Stone Knoll SandyBrown Namecoin,Ashley Thomas,0,Application,0
57700,Darren Place DarkRed Peercoin,Douglas Black,0,Application,0
57800,Jonathan Union LavenderBlush EOS.IO,Kathryn Moore,0,Application,0
57900,David Mission MediumPurple Decred,Kerry Elliott,0,Application,0
58000,Michael Place BlanchedAlmond Litecoin,Erin Moore,0,Application,0
58100,Jessica Locks DodgerBlue Zcash,Anthony Long,0,Application,0
58200,Peterson Mews DarkTurquoise Tether,Victoria Bradley,0,Application,0
58300,Dixon Green LightPink Burstcoin,Jose Clark,0,Application,0
58300,Dixon Green LightPink Burstcoin,Jose Clark,0,Application,0
58600,Gibson Cape LightCyan Lisk,Scott Tucker,0,Application,0
58700,Mclaughlin Streets Orchid Ethereum,Anna Roman,0,Application,0
59000,Thompson Rapids Cornsilk Namecoin,John Davis,0,Application,0
59100,Mitchell Extensions MediumOrchid Dogecoin,Darlene Salas,0,Application,0
59200,Miller Corners SlateBlue EOS.IO,James Khan,0,Application,0
59400,Thomas Mountain PaleGoldenRod Waves Platform,Guy Goodman,0,Application,0
59600,Collins Drive Cornsilk AMP,Tamara Simpson,0,Application,0
59700,Williams Motorway DodgerBlue Waves Platform,Jennifer Morgan,0,Application,0
59800,Burgess Burg Coral Bytecoin,Shawn Thomas,0,Application,0
59900,Amy Plain MediumOrchid Emercoin,Ashley Martinez,0,Application,0
60000,Smith Canyon DarkOliveGreen AMP,Kathryn Moore,0,Application,0
60100,Hall Spurs LightSteelBlue TRON,Zachary Colon,0,Application,0
60200,William Trace Khaki Ethereum Classic,Juan Wood,0,Application,0
60200,William Trace Khaki Ethereum Classic,Juan Wood,0,Application,0
60400,David Squares Chocolate Bytecoin,Brent Gonzales,0,Application,0
60500,Smith Run Bisque Zclassic,Jennifer Chapman,0,Application,0
60600,Mcconnell Flats Turquoise SwiftCoin,Douglas Black,0,Application,0
60700,Gina Track Red Litecoin,John Davis,0,Application,0
60800,King Drive Maroon Ethereum,Mary Keller,0,Application,0
60900,Cox Ford DarkOliveGreen Tether,John Moss,0,Application,0
61000,Michael Shoals Peru Feathercoin,Tiffany Doyle,0,Application,0
61100,Alicia Locks Gray Titcoin,Gerald Duncan,0,Application,0
61200,Adriana Mountain NavajoWhite Ripple,Melanie Warren,0,Application,0
61400,Justin Roads LawnGreen Namecoin,Laura Hinton,0,Application,0
61500,Louis Place DeepSkyBlue Primecoin,Kayla Howard,0,Application,0
61600,Hector Via HoneyDew Litecoin,David Graham,0,Application,0
61700,Parsons Tunnel Yellow MazaCoin,Anna Roman,0,Application,0
61800,Rodgers Road PaleTurquoise Bitcoin,Jennifer Price,0,Application,0
61900,Frost Extensions DarkSalmon Dogecoin,Pamela Chapman,0,Application,0
62000,Thompson Mall DarkMagenta Zcash,William Sanchez,0,Application,0
62100,Perez Stream DarkSlateGray Auroracoin,Timothy Santos,0,Application,0
62200,Martin Alley LemonChiffon Ethereum Classic,Megan Reese,0,Application,0
62300,Long Estate SeaShell DigitalNote,Melanie Warren,0,Application,0
62400,Rodriguez Junction Snow BlackCoin,Kevin Fitzgerald,0,Application,0
62500,Lloyd Mews MediumBlue Dash,Pamela Crawford,0,Application,0
62600,Middleton Trail DarkBlue TRON,Mikayla Murray,0,Application,0
62700,Keith Trail Peru Ethereum Classic,Jennifer Morgan,0,Application,0
62800,Robert Fall Magenta DigitalNote,Jake Mitchell,0,Application,0
62900,Matthew Row DarkGreen Bytecoin,Jake Mitchell,0,Application,0
63000,Lee Mill DarkBlue DigitalNote,Ronald Scott,0,Application,0
63100,Sullivan Drive LightSalmon Waves Platform,Caroline Elliott,0,Application,0
63200,Matthew Junction MediumPurple Tether,Erica Rhodes,0,Application,0
63300,Erin Route BlueViolet Coinye,Jennifer Price,0,Application,0
63400,David Manors MintCream Dogecoin,John Davis,0,Application,0
63400,David Manors MintCream Dogecoin,John Davis,0,Application,0
63500,Tricia Plains MidnightBlue Decred,Jennifer Price,0,Application,0
63600,Matthew Oval Aquamarine Auroracoin,John Davis,0,Application,0
63700,Victoria Island BlueViolet Bitcoin Cash,Jorge Lloyd,0,Application,0
63800,Melissa Highway DarkViolet SwiftCoin,David Tate Jr.,0,Application,0
63900,Penny Plaza DarkSlateBlue Bitcoin Cash,Kayla Kirby,0,Application,0
64000,Timothy Run Gainsboro BlackCoin,John Davis,0,Application,0
64100,Tiffany Mount Thistle IOTA,Douglas Black,0,Application,0
64200,Edgar Shoals Salmon Bitcoin Cash,Hailey Williams,0,Application,0
64400,Ortiz Court HoneyDew Ubiq,Jeffrey Morgan,0,Application,0
64500,Harris Estate Snow Ripple,Teresa Chaney,0,Application,0
64600,Reeves Overpass Ivory Ethereum Classic,Morgan Lawson,0,Application,0
64700,Walker Lane LightGoldenRodYellow Vertcoin,Jessica Ortiz,0,Application,0
64800,Romero Crest SandyBrown NEO,Jamie Flores,0,Application,0
64900,Megan Spur MediumSpringGreen Tether,Jennifer Price,0,Application,0
65000,Sarah Curve DarkViolet Dash,Jennifer Price,0,Application,0
65200,Shawn Prairie DarkGray Cardano,Jennifer Price,0,Application,0
65300,Mayo Mission Cornsilk Dash,Juan Doyle,0,Application,0
65400,Berry Trail RoyalBlue Zclassic,Bradley Smith,0,Application,0
65500,Charles Spring DarkGoldenRod Omni,Gina Lane,0,Application,0
65600,Rodriguez Trail MidnightBlue Zclassic,John Moss,0,Application,0
65700,Day Pine LightSeaGreen Dogecoin,Adam Roberts,0,Application,0
65800,Prince Valleys DarkGreen Burstcoin,Eric Green,0,Application,0
65900,Wilson Turnpike Brown Ubiq,Jennifer Price,0,Application,0
66100,Robert Parkway DarkSalmon Ethereum,David Graham,0,Application,0
66200,Miller Ports DarkCyan Feathercoin,John Davis,0,Application,0
66200,Miller Ports DarkCyan Feathercoin,John Davis,0,Application,0
66600,Linda Rapid DarkOliveGreen BlackCoin,Joanna Johnson,0,Application,0
66800,Nelson Viaduct Green Tether,Joseph Trujillo,0,Application,0
66900,Lloyd Mews DimGray Ethereum Classic,Jake Mitchell,0,Application,0
67000,Ortega Underpass PaleVioletRed Waves Platform,Michael Jensen DVM,0,Application,0
67100,Singh Plains FloralWhite IOTA,David Graham,0,Application,0
67200,Martinez Loop SandyBrown Primecoin,Mary Harper,0,Application,0
67300,Clayton Lodge Maroon Ethereum Classic,Alicia Harris,0,Application,0
67400,Ashley Radial AliceBlue Bitcoin Cash,Joyce Shah,0,Application,0
67500,Johnson Heights LimeGreen Omni,Douglas Sanders,0,Application,0
67600,Manuel Square MintCream Dash,David Graham,0,Application,0
67700,Jenkins Cape CadetBlue PotCoin,Leslie Buckley,0,Application,0
67900,Rodney Vista MediumBlue Ethereum,Caitlin Morales,0,Application,0
68000,Ruiz Heights PaleGoldenRod Dogecoin,Tyler Lopez,0,Application,0
68100,Chandler Well PaleTurquoise Decred,Gabriel Becker,0,Application,0
68200,Joseph Plaza LightGray SwiftCoin,Danielle Parker,0,Application,0
68300,Bush Corners LightSkyBlue SwiftCoin,Jeffrey Richardson,0,Application,0
68400,Patel Unions LightCyan Litecoin,Courtney Walker,0,Application,0
68500,Ryan View MediumTurquoise Coinye,Kerry Elliott,0,Application,0
68600,Blackwell Mission Silver Burstcoin,Joseph Trujillo,0,Application,0
68700,Samantha Junctions MediumVioletRed Zclassic,Erika Nielsen,0,Application,0
68800,Parker Valley MistyRose EOS.IO,David Graham,0,Application,0
68900,Medina Passage MediumBlue Bytecoin,David Tate Jr.,0,Application,0
69000,Mendez Haven LavenderBlush Ethereum Classic,Robert Gates,0,Application,0
69100,Mcclain Neck Maroon MazaCoin,Jennifer Price,0,Application,0
69200,Hinton Turnpike Magenta Zclassic,Jake Mitchell,0,Application,0
69300,Graham Mall Navy Gridcoin,Alexis Sanchez,0,Application,0
69400,Rogers Vista DarkSeaGreen Waves Platform,Erik Ross,0,Application,0
69500,Robert Extension NavajoWhite Ripple,Joyce Richardson,0,Application,0
69600,Cruz Underpass MediumSpringGreen Sirin Labs,John Davis,0,Application,0
69700,Cox Freeway DarkViolet MazaCoin,Guy Goodman,0,Application,0
69800,Gregory Falls Red Sirin Labs,Joyce Richardson,0,Application,0
69900,Davis Plain AntiqueWhite MazaCoin,Ryan Roberts,0,Application,0
70000,Lang Row Brown Dogecoin,Rachel Pennington,0,Application,0
70100,Kenneth Well DarkViolet Coinye,Pamela Chapman,0,Application,0
70200,William Wall Chartreuse SwiftCoin,Mrs. Catherine Anderson,0,Application,0
70300,Joshua Mountain GoldenRod Waves Platform,Michael Graves,0,Application,0
70400,Reginald Stream Lavender Auroracoin,Shawn Kelly,0,Application,0
70500,Michael Ranch Thistle SwiftCoin,Jake Mitchell,0,Application,0
70600,Harris Run Beige Peercoin,Guy Goodman,0,Application,0
70800,Theresa Creek SeaGreen EOS.IO,Joyce Richardson,0,Application,0
70900,Miranda Burgs SaddleBrown Omni,Tamara Simpson,0,Application,0
71000,Brenda Ports Snow Omni,David Tate Jr.,0,Application,0
71100,Mark Crossing LightBlue Ubiq,Joseph Trujillo,0,Application,0
71200,Garcia Hills Black Omni,David King,0,Application,0
71300,Jennifer View RosyBrown Zcash,Christopher White PhD,0,Application,0
71400,Mcgrath Lights LightSeaGreen Monero,Matthew Williams,0,Application,0
71500,Kayla Streets IndianRed Waves Platform,Tamara Simpson,0,Application,0
71600,George Curve Silver Burstcoin,Carla Bailey,0,Application,0
71800,Ricky Light PapayaWhip Sirin Labs,Jerry King,0,Application,0
71900,Jacqueline Islands LightCyan Namecoin,Timothy Myers,0,Application,0
72000,Fisher Walk CadetBlue EOS.IO,Trevor Mejia,0,Application,0
72100,Brown Terrace IndianRed Peercoin,Leonard Lee,0,Application,0
72200,Tammy Brook Cornsilk Coinye,Alicia Harris,0,Application,0
72300,Ray Extensions LemonChiffon AMP,Jose Clark,0,Application,0
72400,Daniel Flats Turquoise Cardano,David Graham,0,Application,0
72600,Parks Rue BlanchedAlmond Zclassic,Shannon Becker,0,Application,0
72700,Martin Gardens Salmon Sirin Labs,Randy Ramirez,0,Application,0
72800,James Keys LightPink Feathercoin,Jake Mitchell,0,Application,0
72900,Rice Stream SpringGreen Bitcoin,Rachel Thomas,0,Application,0
73000,Wells Vista SlateGray AMP,Jeffrey Morgan,0,Application,0
73200,Glover Fields DarkKhaki TRON,Jonathan Gonzales,0,Application,0
73300,Black Squares SkyBlue Ubiq,Jennifer Price,0,Application,0
73400,Tracy Manor LavenderBlush Ethereum,Jason Potts,0,Application,0
73500,Waters View ForestGreen BlackCoin,Dawn Hall,0,Application,0
73600,Mary Roads OliveDrab Burstcoin,Thomas Wilcox,0,Application,0
73800,Matthews Points Salmon Sirin Labs,Elizabeth Burton,0,Application,0
74000,Cordova Court Maroon Decred,Ryan Phillips,0,Application,0
74100,Allen Isle Beige Burstcoin,Douglas Black,0,Application,0
74200,Marks Groves LightSkyBlue Nxt,Jennifer Price,0,Application,0
74300,Terri Courts FloralWhite Omni,Daryl Knapp,0,Application,0
74400,Miller Brook PowderBlue Monero,Lori Schroeder,0,Application,0
74500,Andrea Mission GoldenRod Zcash,Philip Savage,0,Application,0
74600,Kevin Forge DarkOrchid PotCoin,Luke Torres,0,Application,0
74700,Pittman Mission Navy IOTA,Guy Goodman,0,Application,0
74800,Saunders Drive MediumBlue AMP,John Garcia,0,Application,0
74900,Adams Pines Orange Ethereum,Timothy Fields,0,Application,0
75000,Smith Mountains DodgerBlue TRON,Danielle Parker,0,Application,0
75100,Jacob Expressway OliveDrab XEM,Stephanie Taylor,0,Application,0
75200,Tate Summit OrangeRed Emercoin,Erin Erickson,0,Application,0
75300,Torres River IndianRed XEM,David Gonzalez,0,Application,0
75400,Holland Drive CadetBlue PotCoin,Raymond Cole,0,Application,0
75700,Wendy Drive Cyan Omni,Juan Lane,0,Application,0
75800,Carrillo Well MediumSlateBlue DigitalNote,Amy Smith,0,Application,0
76100,Ronald Street MintCream BlackCoin,Tyler Bishop,0,Application,0
76200,Austin Overpass OldLace IOTA,Juan Doyle,0,Application,0
76300,Clinton Plaza Khaki Burstcoin,Amanda Williams,0,Application,0
76500,Wheeler Square LavenderBlush Omni,Nicholas Schaefer,0,Application,0
76600,Scott Inlet HoneyDew TRON,Christian Riddle,0,Application,0
76800,Hector Islands LimeGreen Emercoin,Ronald Lyons,0,Application,0
76900,Patrick Village SlateBlue Litecoin,Lauren Washington,0,Application,0
77000,Boone Camp Purple Sirin Labs,Ashley Johnson,0,Application,0
77100,Eduardo Drive LavenderBlush Cardano,Kenneth Harrison,0,Application,0
77200,Nichols Port Maroon EOS.IO,Jeffrey Cross,0,Application,0
11200,Mcmahon Drives Pink IOTA,Mrs. Angela Chavez,1,Application,0
11500,Collins Island LightCyan Monero,Stefanie Curry,1,Application,0
12000,Carol Fords LightPink Cardano,Darlene Salas,1,Application,0
12200,Jaclyn Walk LightSlateGray Omni,Kristen Schneider,1,Application,0
13000,Morris Common SpringGreen IOTA,David Perez,1,Application,0
14000,Debra Bridge DarkMagenta Lisk,Teresa Paul,1,Application,0
15500,Patricia Turnpike Lime BlackCoin,James Pham,1,Application,0
15600,Joseph Burg CornflowerBlue Tether,Yesenia Tran,1,Application,0
16100,Smith Fork SpringGreen Primecoin,Danielle Hill,1,Application,0
17800,Eric Pine Coral Ethereum Classic,Caitlin Morales,1,Application,0
18000,Soto Prairie Moccasin Ubiq,Jacob Smith,1,Application,0
18100,Anne Unions DarkSalmon Waves Platform,Gene Smith,1,Application,0
18900,Bennett Green YellowGreen Decred,Charles Mitchell,1,Application,0
19000,Tommy Rue Red Ethereum,Eric Crawford,1,Application,0
19600,Jamie Corner ForestGreen Waves Platform,Charles Powell,1,Application,0
20600,Williams Shoal CadetBlue Waves Platform,Joe Martinez,1,Application,0
20900,William Light Yellow Ethereum Classic,Jerry Porter,1,Application,0
21300,Burke Isle LightCoral Ethereum,Mrs. Kristina Johnson,1,Application,0
21400,Robles Divide LightYellow Nxt,Mrs. Kristina Johnson,1,Application,0
21700,Kimberly Islands LightCoral Zclassic,Matthew Mahoney Jr.,1,Application,0
22600,Fowler Cove DarkGreen Ripple,Robert Glenn,1,Application,0
24300,Rebecca Rapids Azure Ripple,Adam Dixon,1,Application,0
24700,Castro Pine Maroon Namecoin,Catherine Mullins,1,Application,0
25100,Simon Heights MediumOrchid BlackCoin,Stephanie Butler,1,Application,0
25300,Jones Forge Cornsilk Coinye,Amanda Castillo,1,Application,0
25800,Parker Motorway SpringGreen Cardano,Anthony Carney,1,Application,0
25900,Perry Hill MediumPurple MazaCoin,Justin Baird,1,Application,0
26000,Ryan Tunnel Crimson Ripple,Samantha Hancock,1,Application,0
26100,Renee Trace Lavender Zcash,Jake Mitchell,1,Application,0
27200,Jones Rapids SeaGreen Vertcoin,Mary Garza,1,Application,0
27400,Leah Mount Azure DigitalNote,Sean Hayes,1,Application,0
27900,Grant Station DarkSlateGray EOS.IO,Terry Johnson,1,Application,0
28000,Joseph Glens PapayaWhip Bitcoin,Tyler Robinson,1,Application,0
28200,Fisher Plaza Maroon Lisk,Juan Kelly,1,Application,0
28400,Mary Loop Ivory XEM,David Kelley,1,Application,0
28500,Amy Via PeachPuff MazaCoin,Tammy Strong,1,Application,0
28900,Susan Tunnel MediumOrchid IOTA,Rachel Lee,1,Application,0
29000,Shields Rapid LimeGreen IOTA,Tyler Robinson,1,Application,0
29200,Michael Islands Moccasin TRON,Karen Duran,1,Application,0
29400,Anthony Gateway OldLace Peercoin,Steven Lopez,1,Application,0
29700,Castaneda Road Thistle SwiftCoin,John Davis,1,Application,0
29900,Ruiz Circles LightSeaGreen Ubiq,Lisa Arnold,1,Application,0
30000,Allison Knoll DarkSalmon Coinye,Matthew Chen,1,Application,0
30400,Thomas Rapid SkyBlue Zclassic,Bradley Schwartz,1,Application,0
30400,Thomas Rapid SkyBlue Zclassic,Bradley Schwartz,1,Application,0
30800,Villa Square DodgerBlue EOS.IO,Erika Nielsen,1,Application,0
31100,Jerry Bridge BlueViolet PotCoin,Jose Dunn,1,Application,0
31300,James Crest Beige Monero,Dalton Davis,1,Application,0
31500,Natalie Mountain DarkMagenta Ethereum Classic,Joy Trevino,1,Application,0
31500,Natalie Mountain DarkMagenta Ethereum Classic,Joy Trevino,1,Application,0
31700,Travis Dam Turquoise Decred,Jennifer Harris,1,Application,0
31800,Burke Flats Tomato Ripple,Amber Garcia,1,Application,0
32100,Mark Inlet Indigo Ripple,Darin Miller,1,Application,0
32800,Danielle Pass LavenderBlush Ethereum,Mr. Frederick Gonzales,1,Application,0
33400,Erica Mount Orange Ubiq,Mark Bass,1,Application,0
33600,Rogers Court FloralWhite Dash,Jonathan Adams,1,Application,0
34000,Jessica Circle Linen XEM,Stephanie Floyd,1,Application,0
35600,Hall Square SpringGreen Ubiq,Joy Trevino,1,Application,0
36100,Laura Cape MediumSlateBlue EOS.IO,Kenneth Rodriguez,1,Application,0
36200,Andrew Orchard LightYellow Lisk,Rachel Washington,1,Application,0
36300,Ian Garden Maroon Bitcoin Cash,Sydney Miller,1,Application,0
36400,Manuel Union Green Ethereum,Christian Snyder,1,Application,0
36800,Walker Hills WhiteSmoke Auroracoin,Spencer Flowers,1,Application,0
36900,Kenneth Estates Tomato Zclassic,Joseph Lambert,1,Application,0
37200,Carroll Trail Chocolate Bytecoin,Willie Stevens,1,Application,0
37700,Matthew Mount PaleGoldenRod Titcoin,Anthony Bates,1,Application,0
37800,Miller Shoal PaleVioletRed Tether,Kevin Anderson,1,Application,0
38600,Steven Mountains OrangeRed AMP,Natalie Gonzales,1,Application,0
38700,Owens Rapids Olive Ubiq,Samantha Hancock,1,Application,0
39500,Ricardo Plaza Violet PotCoin,Andrew Robinson MD,1,Application,0
39600,Lopez Terrace Aquamarine IOTA,Sara Anderson,1,Application,0
39700,Jaclyn Walk LightSlateGray Omni,Kristen Schneider,1,Application,0
41100,Nicole Courts DarkSlateGray Primecoin,Miss Julie Davis,1,Application,0
41300,Daniel Rapid PaleVioletRed Nxt,Jacob Richards,1,Application,0
41500,Wilkinson Terrace Peru Dash,Mrs. Brenda Roberts,1,Application,0
42000,Elizabeth Ridge Cornsilk Vertcoin,Melissa Hart,1,Application,0
42100,Cantu Summit MediumBlue Bitcoin Cash,William Dixon,1,Application,0
42200,Costa Roads LavenderBlush Namecoin,Taylor Nelson,1,Application,0
42400,Maria Ports Wheat EOS.IO,Andrea Cardenas,1,Application,0
43100,Burnett Forest SaddleBrown Dash,Kristine Sullivan,1,Application,0
43300,Maria Stravenue Plum Auroracoin,Caleb Benson,1,Application,0
44200,Matthew Way White Ethereum Classic,Jeffrey Richardson,1,Application,0
45300,Gonzalez Springs Orchid Bitcoin Cash,Amanda Olson,1,Application,0
46500,Bennett Mountain Maroon Bytecoin,Melanie James,1,Application,0
46900,Jonathan Spurs LightGray Titcoin,Edward Archer,1,Application,0
47200,Jeffrey Hill PaleGoldenRod Decred,Jeff Davis,1,Application,0
47400,Ariana Island Purple Feathercoin,Christine Hernandez,1,Application,0
48700,Matthew Stream Fuchsia Ubiq,Jenna Walters,1,Application,0
49200,Matthew Creek RoyalBlue Nxt,Alice Snyder,1,Application,0
49900,Karina Throughway YellowGreen Cardano,Emily Vargas,1,Application,0
50100,Alyssa Coves DarkSlateBlue Ethereum Classic,Teresa Lucas,1,Application,0
51300,John Stravenue Snow Monero,Hannah Hernandez,1,Application,0
53100,Simmons Pass MidnightBlue Coinye,Chelsea Clark,1,Application,0
53200,Smith Centers LemonChiffon Primecoin,Pamela Chapman,1,Application,0
54000,Robinson Ranch HotPink XEM,Nicole Martinez,1,Application,0
54800,Michael Ranch Aquamarine SwiftCoin,Michael Abbott,1,Application,0
55000,Debra Bridge DarkMagenta Lisk,Teresa Paul,1,Application,0
55200,Alfred Plaza Beige Sirin Labs,Amy Vazquez,1,Application,0
55400,Rice Track Wheat EOS.IO,Jeanette Smith,1,Application,0
55800,Taylor Islands Azure Decred,Jennifer Davis,1,Application,0
56000,Nicole Plaza DodgerBlue Decred,Daryl Knapp,1,Application,0
56800,Jennifer Overpass GoldenRod PotCoin,Philip Jones,1,Application,0
57100,Frank Ways DarkCyan Decred,Alice Snyder,1,Application,0
57200,Baker Grove BlanchedAlmond Gridcoin,Lucas Morgan,1,Application,0
57300,Tucker Path LightCoral Bitcoin Cash,Mary Taylor,1,Application,0
57500,Jessica Summit GoldenRod Gridcoin,David Pratt,1,Application,0
58400,Emily Tunnel FloralWhite Titcoin,Eric Green,1,Application,0
58500,Lonnie Greens OliveDrab MazaCoin,Ashlee Bailey,1,Application,0
58800,Christopher Court Chartreuse Zcash,Nancy Lewis,1,Application,0
58900,Hawkins Plains Lavender Ethereum,Pamela White,1,Application,0
58900,Hawkins Plains Lavender Ethereum,Pamela White,1,Application,0
59300,Steele Street PaleTurquoise Litecoin,Erin Cisneros,1,Application,0
59500,Richard Alley MediumBlue TRON,Andrea Cardenas,1,Application,0
60300,Jones Meadows Magenta AMP,Raven Schwartz,1,Application,0
61300,Campbell Spurs GreenYellow Bytecoin,Sydney Reed,1,Application,0
64300,Jones Fork SteelBlue Ethereum,John Whitehead,1,Application,0
65100,Ashley Station Sienna Sirin Labs,Julie Daniels,1,Application,0
66000,Amy Cliffs MidnightBlue Ubiq,Samantha Mills,1,Application,0
66300,Denise Wells Peru AMP,Craig Mullins,1,Application,0
66400,Joseph Springs LightBlue SwiftCoin,Madison Blake,1,Application,0
66500,Patrick Drive SpringGreen Vertcoin,Ann Thomas,1,Application,0
66700,Sheryl River Azure DigitalNote,Tony Davis,1,Application,0
67800,Dixon Spurs Teal Dogecoin,James Dougherty,1,Application,0
70700,Davidson Circle Black Emercoin,Shannon Becker,1,Application,0
71700,Joseph Land Olive Zcash,Holly Obrien,1,Application,0
73100,Davis Run Chartreuse Titcoin,John Rodriguez,1,Application,0
73900,Benjamin Green Sienna Bitcoin Cash,Robert Martinez,1,Application,0
75900,Beverly Forks White Coinye,Justin Bell,1,Application,0
76000,Huff Inlet DarkGreen Tether,Brenda Taylor,1,Application,0
